,Model,Ranking_Score
1,QWEN2.5_14B,144.163
2,MISTRAL_NEMO,68.479
3,GEMMA2-27B,63.369
4,GEMMA2-9B,59.76
5,QWEN2,38.617000000000004
6,LLAMA3.1,27.624
7,LLAMA3,26.159
8,PHI3.5_MINI,22.088
9,PHI3_MEDIUM,19.37
10,GEMMA2-2B,19.253
11,LLAMA3.2_3B,18.286
12,LLAMA3.2_1B,14.136000000000001
